Josh Jacobs,RB,LV,4,67.75,83,74.77,83,14,27,60.87,2,1,66.67,300,3.61,3,3,1
Derrick Henry,RB,TEN,3,73.85,82,80.39,92.13,18,52,94.74,6,9,100,319,3.89,2,2,2
Joe Mixon,RB,CIN,4,65.15,77,74.04,95.06,12,17,80,3,-4,60,315,4.09,2,0,0
Dalvin Cook,RB,MIN,4,71.73,75,66.37,74.26,12,56,60,5,9,71.43,424,5.65,6,5,3
Ronald Jones,RB,TB,5,54.05,74,61.67,71.84,10,40,47.62,0,0,0,359,4.85,1,1,0
Clyde Edwards-Helaire,RB,KC,4,67.51,71,63.39,79.78,14,39,82.35,6,-2,85.71,304,4.28,1,0,0
Ezekiel Elliott,RB,DAL,4,88.68,70,72.92,90.91,17,40,70.83,9,5,69.23,273,3.9,3,3,3
Kenyan Drake,RB,ARI,4,67.26,67,56.78,80.72,12,18,60,2,-1,50,254,3.79,1,1,1
Melvin Gordon,RB,DEN,4,71.75,65,67.01,80.25,8,19,61.54,3,2,60,281,4.32,3,2,2
Todd Gurley,RB,ATL,4,53.77,65,62.5,69.89,19,54,67.86,5,7,71.43,254,3.91,4,4,2
Aaron Jones,RB,GB,4,55.8,65,54.62,61.32,14,38,66.67,6,5,60,374,5.75,4,3,1
Jonathan Taylor,RB,IND,4,47.48,65,49.62,54.62,16,54,57.14,3,2,60,250,3.85,2,2,1
David Montgomery,RB,CHI,5,63.5,63,54.78,81.82,3,1,33.33,1,3,100,247,3.92,1,1,1
James Robinson,RB,JAX,4,59.46,60,68.97,93.75,5,37,83.33,1,1,100,285,4.75,3,3,1
Nick Chubb,RB,CLE,4,44.24,57,41.3,45.24,10,40,37.04,4,1,57.14,335,5.88,4,3,1
Frank Gore,RB,NYJ,4,43.51,55,56.7,67.07,7,14,87.5,0,0,0,174,3.16,0,0,0
Adrian Peterson,RB,DET,4,39.77,54,54.55,62.07,12,35,57.14,0,0,0,245,4.54,1,1,0
Chris Carson,RB,SEA,4,55.68,53,51.96,63.86,10,26,76.92,5,4,71.43,237,4.47,2,2,2
Joshua Kelley,RB,LAC,4,39.58,52,40.31,47.27,9,16,56.25,3,-1,75,174,3.35,1,1,0
David Johnson,RB,HOU,4,80.43,51,63.75,82.26,5,25,62.5,3,5,60,197,3.86,2,2,1
Miles Sanders,RB,PHI,3,77.68,51,56.67,77.27,6,24,46.15,1,2,50,236,4.63,1,1,0
Kareem Hunt,RB,CLE,4,41.26,50,36.23,39.68,15,67,55.56,3,4,42.86,275,5.5,3,3,2
Alvin Kamara,RB,NO,4,67.18,50,43.48,52.08,14,51,45.16,5,9,55.56,236,4.72,4,4,3
Devin Singletary,RB,BUF,4,71.59,50,50,71.43,10,36,38.46,3,2,27.27,212,4.24,1,1,1
Austin Ekeler,RB,LAC,4,54.17,49,37.98,44.55,5,46,31.25,0,0,0,248,5.06,1,1,0
Myles Gaskin,RB,MIA,4,66.91,48,44.86,56.47,13,36,40.63,1,0,9.09,192,4,0,0,0
Malcolm Brown,RB,LAR,4,55.97,45,33.58,42.86,9,31,32.14,2,3,25,182,4.04,2,2,2
Antonio Gibson,RB,WAS,4,43.17,44,42.72,51.16,9,39,30,5,8,33.33,186,4.23,3,3,2
Latavius Murray,RB,NO,4,34.36,44,38.26,45.83,10,35,32.26,2,3,22.22,184,4.18,2,2,1
Darrell Henderson,RB,LAR,4,33.58,43,32.09,40.95,12,22,42.86,4,6,50,223,5.19,2,2,2
Christian McCaffrey,RB,CAR,2,80,41,77.36,93.18,12,45,80,3,4,75,156,3.8,4,4,2
James Conner,RB,PIT,3,56.46,40,44.44,51.95,8,27,47.06,3,4,60,224,5.6,2,2,1
Lamar Jackson,QB,BAL,4,93.25,39,32.5,90.7,6,30,40,0,0,0,235,6.03,1,0,0
Cam Newton,QB,NE,3,100,35,33.33,100,12,37,46.15,5,7,71.43,149,4.26,4,4,3
Mark Ingram,RB,BAL,4,33.76,34,28.33,44.16,5,12,33.33,1,1,25,148,4.35,2,1,1
Jerick McKinnon,RB,SF,4,53.85,34,31.19,35.79,9,53,45,1,1,33.33,193,5.68,3,3,1
Kyler Murray,QB,ARI,4,100,32,27.12,96.97,5,30,25,1,1,25,265,8.28,4,2,1
Rex Burkhead,RB,NE,4,45.71,30,21.43,30.93,8,36,26.67,1,2,14.29,128,4.27,2,2,1
Mike Davis,RB,CAR,4,45.15,30,27.52,34.88,7,17,25,2,-1,33.33,131,4.37,1,1,1
Benny Snell,RB,PIT,3,25.84,29,32.22,37.66,2,4,11.76,1,0,20,129,4.45,0,0,0
Jamaal Williams,RB,GB,4,42.39,29,24.37,27.36,6,-1,28.57,4,-2,40,108,3.72,0,0,0
Gus Edwards,RB,BAL,4,29.54,27,22.5,35.06,1,2,6.67,1,2,25,167,6.19,0,0,0
Jordan Wilkins,RB,IND,4,16.55,27,20.61,22.69,5,9,17.86,0,0,0,94,3.48,0,0,0
Sony Michel,RB,NE,3,29.27,26,24.76,39.39,5,18,19.23,1,1,14.29,173,6.65,1,1,1
Josh Allen,QB,BUF,4,100,25,25,100,7,11,26.92,4,1,36.36,83,3.32,3,3,3
Peyton Barber,RB,WAS,4,15.5,24,23.3,27.91,11,14,36.67,6,4,40,41,1.71,2,2,2
Leonard Fournette,RB,TB,4,22.59,24,25.81,30.38,5,16,29.41,2,3,66.67,123,5.13,2,1,1
Alexander Mattison,RB,MIN,4,25.32,24,21.24,23.76,6,35,30,2,5,28.57,107,4.46,1,1,1
Nyheim Hines,RB,IND,4,33.45,23,17.56,19.33,7,20,25,2,2,40,73,3.17,1,1,0
Raheem Mostert,RB,SF,2,40.65,23,42.59,46,2,-2,25,1,0,100,148,6.43,1,0,0
Ryan Fitzpatrick,QB,MIA,4,100,21,19.63,100,7,29,21.88,2,1,18.18,115,5.48,2,2,1
Kerryon Johnson,RB,DET,4,26.52,21,21.21,24.14,5,19,23.81,1,1,50,71,3.38,1,1,1
Cordarrelle Patterson,WR,CHI,5,18.1,21,18.26,87.5,1,3,11.11,0,0,0,69,3.29,0,0,0
Joe Burrow,QB,CIN,4,99.67,20,19.23,100,2,-6,13.33,1,-7,20,75,3.75,1,0,0
Saquon Barkley,RB,NYG,2,50.38,19,50,63.33,3,10,75,1,1,50,34,1.79,0,0,0
Brian Hill,RB,ATL,4,25.68,19,18.27,20.43,2,7,7.14,1,1,14.29,94,4.95,1,0,0
Carson Wentz,QB,PHI,4,100,19,17.76,79.17,5,24,38.46,1,1,50,111,5.84,3,3,1
Matt Breida,RB,MIA,4,21.56,18,16.82,21.18,3,20,9.38,0,0,0,72,4,0,0,0
Tevin Coleman,RB,SF,2,29.27,18,33.33,36,1,2,12.5,0,0,0,30,1.67,0,0,0
Jordan Howard,RB,MIA,4,10.78,18,16.82,21.18,8,4,25,8,4,72.73,14,0.78,3,3,3
Daniel Jones,QB,NYG,4,100,18,23.08,100,0,0,0,0,0,0,137,7.61,0,0,0
Patrick Mahomes,QB,KC,4,100,18,16.07,100,3,8,17.65,1,3,14.29,108,6,1,1,1
J.D. McKissic,RB,WAS,4,49.08,18,17.48,20.93,3,13,10,0,0,0,72,4,0,0,0
Boston Scott,RB,PHI,4,25,18,16.82,21.95,1,2,7.69,0,0,0,60,3.33,0,0,0
Russell Wilson,QB,SEA,4,100,18,17.65,100,0,0,0,0,0,0,95,5.28,0,0,0
Cam Akers,RB,LAR,2,19.01,17,21.52,27.87,2,5,14.29,0,0,0,52,3.06,0,0,0
Damien Harris,RB,NE,1,30.67,17,48.57,54.84,1,5,25,0,0,0,100,5.88,0,0,0
Zack Moss,RB,BUF,2,45.27,17,30.91,47.22,7,1,53.85,3,2,75,48,2.82,0,0,0
Deshaun Watson,QB,HOU,4,100,17,21.25,100,2,1,25,2,1,40,58,3.41,1,1,1
Jeff Wilson,RB,SF,4,12.45,17,15.6,17.89,6,7,30,1,2,33.33,24,1.41,1,1,1
Chase Edmonds,RB,ARI,4,34.52,16,13.56,19.28,3,7,15,1,-1,25,59,3.69,0,0,0
Devonta Freeman,RB,NYG,2,43.33,16,40,57.14,1,4,100,0,0,0,43,2.69,0,0,0
Jared Goff,QB,LAR,4,100,16,11.94,100,2,4,7.14,1,1,12.5,29,1.81,1,1,1
Carlos Hyde,RB,SEA,3,25.87,16,21.05,26.23,1,1,12.5,1,1,25,57,3.56,1,1,1
Dak Prescott,QB,DAL,4,99.37,16,16.67,100,5,27,20.83,3,4,23.08,86,5.38,3,3,3
J.J. Taylor,RB,NE,3,12.2,16,15.24,24.24,3,10,11.54,0,0,0,70,4.38,0,0,0
Tom Brady,QB,TB,5,100,15,12.5,100,3,3,14.29,1,2,33.33,6,0.4,1,1,1
J.K. Dobbins,RB,BAL,4,37.13,15,12.5,19.48,2,5,13.33,2,5,50,92,6.13,2,2,2
La'Mical Perine,RB,NYJ,3,19.42,15,18.29,22.06,0,0,0,0,0,0,56,3.73,0,0,0
Tarik Cohen,RB,CHI,3,36.32,14,16.47,24.56,1,1,14.29,0,0,0,74,5.29,0,0,0
Sam Darnold,QB,NYJ,4,98.47,14,14.43,100,0,0,0,0,0,0,117,8.36,1,0,0
D'Ernest Johnson,RB,CLE,4,8.55,14,10.14,11.11,0,0,0,0,0,0,100,7.14,0,0,0
Gardner Minshew,QB,JAX,4,100,14,16.09,100,0,0,0,0,0,0,69,4.93,0,0,0
Dwayne Haskins,QB,WAS,4,100,13,12.62,100,7,2,23.33,4,-1,26.67,30,2.31,1,1,1
Dion Lewis,RB,NYG,4,41.11,13,16.67,22.41,1,1,20,1,1,50,31,2.38,1,1,1
Reggie Bonnafon,RB,CAR,2,17.97,12,21.43,28.57,1,3,7.69,0,0,0,69,5.75,0,0,0
Teddy Bridgewater,QB,CAR,4,100,12,11.01,100,4,35,14.29,0,0,0,70,5.83,1,1,0
Justin Herbert,QB,LAC,3,100,12,13.33,100,2,15,22.22,1,4,33.33,47,3.92,1,1,1
Travis Homer,RB,SEA,4,20.45,12,11.76,14.46,1,1,7.69,1,1,14.29,44,3.67,0,0,0
D'Andre Swift,RB,DET,4,31.44,12,12.12,13.79,2,6,9.52,1,1,50,42,3.5,1,1,1
Corey Clement,RB,PHI,4,13.01,11,10.28,13.41,1,2,7.69,0,0,0,30,2.73,0,0,0
Ben Roethlisberger,QB,PIT,3,100,11,12.22,100,4,-5,23.53,1,-2,20,4,0.36,0,0,0
Curtis Samuel,WR,CAR,4,63.43,11,10.09,100,3,-1,10.71,0,0,0,35,3.18,0,0,0
Ryan Tannehill,QB,TEN,3,100,11,10.78,100,0,0,0,0,0,0,35,3.18,0,0,0
Devontae Booker,RB,LV,4,10.51,10,9.01,10,4,16,17.39,0,0,0,59,5.9,0,0,0
Kirk Cousins,QB,MIN,4,100,10,8.85,100,0,0,0,0,0,0,53,5.3,0,0,0
Wayne Gallman,RB,NYG,3,16.49,10,16.67,22.73,0,0,0,0,0,0,52,5.2,0,0,0
Taysom Hill,QB,NO,4,24.71,10,8.7,66.67,4,5,12.9,2,0,22.22,33,3.3,0,0,0
Duke Johnson,RB,HOU,2,31.45,10,20.83,27.03,0,0,0,0,0,0,38,3.8,0,0,0
Matthew Stafford,QB,DET,4,100,10,10.1,100,2,-2,9.52,0,0,0,45,4.5,0,0,0
Darrel Williams,RB,KC,4,23.1,10,8.93,11.24,0,0,0,0,0,0,31,3.1,0,0,0
Derek Carr,QB,LV,4,100,9,8.11,100,4,12,17.39,1,0,33.33,33,3.67,0,0,0
Royce Freeman,RB,DEN,4,22.3,9,9.28,11.11,1,0,7.69,1,0,20,30,3.33,0,0,0
Baker Mayfield,QB,CLE,4,100,9,6.52,100,0,0,0,0,0,0,15,1.67,0,0,0
Laviska Shenault Jr.,WR,JAX,4,60.23,9,10.34,100,1,3,16.67,0,0,0,53,5.89,0,0,0
A.J. Dillon,RB,GB,4,5.43,8,6.72,7.55,0,0,0,0,0,0,34,4.25,0,0,0
Justin Jackson,RB,LAC,2,25.2,8,12.9,15.69,0,0,0,0,0,0,13,1.63,0,0,0
Philip Rivers,QB,IND,4,94.96,8,6.11,80,0,0,0,0,0,0,2,0.25,0,0,0
Matt Ryan,QB,ATL,4,100,8,7.69,100,3,14,10.71,0,0,0,24,3,0,0,0
Ito Smith,RB,ATL,4,18.15,8,7.69,8.6,2,4,7.14,1,-2,14.29,27,3.38,0,0,0
Mitchell Trubisky,QB,CHI,3,79.72,8,9.41,72.73,3,11,42.86,0,0,0,87,10.88,0,0,0
James White,RB,NE,2,42.45,8,10.39,14.04,1,7,7.69,0,0,0,43,5.38,0,0,0
Robert Woods,WR,LAR,4,89.93,8,5.97,66.67,2,11,7.14,0,0,0,65,8.13,1,1,0
Phillip Lindsay,RB,DEN,1,32.2,7,26.92,30.43,1,1,14.29,1,1,25,24,3.43,0,0,0
Tony Pollard,RB,DAL,4,14.47,7,7.29,9.09,2,7,8.33,1,3,7.69,32,4.57,1,1,1
Le'Veon Bell,RB,NYJ,1,57.14,6,40,42.86,0,0,0,0,0,0,14,2.33,0,0,0
Jeff Driskel,QB,DEN,3,54.76,6,8.45,54.55,1,9,16.67,0,0,0,28,4.67,0,0,0
Nick Foles,QB,CHI,3,81.16,6,10.91,85.71,1,0,25,0,0,0,-5,-0.83,0,0,0
Anthony McFarland,RB,PIT,1,12.5,6,15.79,18.75,0,0,0,0,0,0,42,7,0,0,0
Nick Mullens,QB,SF,3,73.93,6,7.14,100,0,0,0,0,0,0,-2,-0.33,0,0,0
Aaron Rodgers,QB,GB,4,97.1,6,5.04,54.55,0,0,0,0,0,0,31,5.17,0,0,0
Tyrod Taylor,QB,LAC,1,100,6,15.38,100,0,0,0,0,0,0,7,1.17,0,0,0
Darwin Thompson,RB,KC,4,7.58,6,5.36,6.74,0,0,0,0,0,0,32,5.33,0,0,0
Tim Boyle,QB,GB,3,3.74,5,5.38,55.56,0,0,0,0,0,0,-4,-0.8,0,0,0
Drew Brees,QB,NO,4,97.3,5,4.35,33.33,1,1,3.23,0,0,0,-3,-0.6,0,0,0
Dontrell Hilliard,RB,CLE,1,20,5,12.5,14.29,2,13,33.33,0,0,0,19,3.8,0,0,0
Jalen Hurts,QB,PHI,3,4.46,5,5.56,21.74,0,0,0,0,0,0,26,5.2,0,0,0
Brett Rypien,QB,DEN,2,61.65,5,10.87,55.56,1,-1,20,0,0,0,-5,-1,0,0,0
Brandon Aiyuk,WR,SF,3,77.73,4,4.76,80,1,19,6.67,0,0,0,69,17.25,2,1,0
Giovani Bernard,RB,CIN,4,30.29,4,3.85,4.94,1,3,6.67,1,3,20,29,7.25,0,0,0
Tyler Ervin,RB,GB,4,31.88,4,3.36,3.77,1,12,4.76,0,0,0,43,10.75,0,0,0
Robert Griffin III,QB,BAL,2,13.79,4,6.45,22.22,0,0,0,0,0,0,2,0.5,0,0,0
Deonte Harris,WR,NO,4,28.57,4,3.48,100,1,4,3.23,0,0,0,30,7.5,0,0,0
Marlon Mack,RB,IND,1,14.86,4,18.18,20,0,0,0,0,0,0,26,6.5,0,0,0
Jalen Richard,RB,LV,4,21.01,4,3.6,4,0,0,0,0,0,0,46,11.5,1,0,0
Chris Thompson,RB,JAX,4,34.36,4,4.6,6.25,0,0,0,0,0,0,10,2.5,0,0,0
Josh Adams,RB,NYJ,2,14.88,3,6.82,7.5,1,2,33.33,1,2,100,8,2.67,1,1,1
Alex Armah,FB,CAR,4,18.28,3,2.75,3.49,1,1,3.57,1,1,16.67,3,1,0,0,0
Kalen Ballage,RB,NYJ,3,27.67,3,3.66,4.41,0,0,0,0,0,0,13,4.33,0,0,0
Darrynton Evans,RB,TEN,1,10.67,3,8.82,10.34,0,0,0,0,0,0,9,3,0,0,0
Tyreek Hill,WR,KC,4,86.64,3,2.68,60,0,0,0,0,0,0,34,11.33,0,0,0
Cooper Kupp,WR,LAR,4,86.57,3,2.24,25,0,0,0,0,0,0,17,5.67,0,0,0
CeeDee Lamb,WR,DAL,4,74.84,3,3.13,100,0,0,0,0,0,0,13,4.33,0,0,0
Drew Lock,QB,DEN,2,52.94,3,5.88,60,1,2,12.5,0,0,0,5,1.67,0,0,0
Isaiah McKenzie,WR,BUF,4,22.51,3,3,60,0,0,0,0,0,0,15,5,0,0,0
Ke'Shawn Vaughn,RB,TB,3,17.79,3,4.35,4.92,2,3,22.22,0,0,0,4,1.33,0,0,0
T.J. Yeldon,RB,BUF,2,11.38,3,6.67,8.82,1,1,7.69,1,1,14.29,18,6,0,0,0
Jamal Agnew,WR,DET,4,18.56,2,2.02,100,0,0,0,0,0,0,4,2,0,0,0
Odell Beckham Jr.,WR,CLE,4,75.46,2,1.45,66.67,0,0,0,0,0,0,73,36.5,1,0,0
Jacoby Brissett,QB,IND,2,10.53,2,3.77,66.67,0,0,0,0,0,0,0,0,0,0,0
Parris Campbell,WR,IND,2,42.86,2,3.23,100,0,0,0,0,0,0,16,8,0,0,0
DeeJay Dallas,RB,SEA,2,7.91,2,3.85,4.76,0,0,0,0,0,0,8,4,0,0,0
Julian Edelman,WR,NE,4,68.21,2,1.43,40,0,0,0,0,0,0,22,11,0,0,0
C.J. Ham,FB,MIN,4,35.02,2,1.77,1.98,2,6,10,0,0,0,6,3,0,0,0
K.J. Hamler,WR,DEN,3,57.14,2,2.82,100,0,0,0,0,0,0,7,3.5,0,0,0
JaMycal Hasty,RB,SF,2,4,2,3.64,4.44,0,0,0,0,0,0,9,4.5,0,0,0
George Kittle,TE,SF,2,98.52,2,4.44,100,1,9,12.5,0,0,0,17,8.5,0,0,0
Allen Lazard,WR,GB,3,88.26,2,2.15,100,0,0,0,0,0,0,17,8.5,0,0,0
LeSean McCoy,RB,TB,4,18.91,2,2,2.33,0,0,0,0,0,0,-2,-1,0,0,0
Jeremy McNichols,RB,TEN,3,15.14,2,1.96,2.25,0,0,0,0,0,0,7,3.5,0,0,0
Scott Miller,WR,TB,5,57.51,2,1.67,100,1,6,4.76,0,0,0,7,3.5,0,0,0
Senorise Perry,RB,TEN,2,1.4,2,2.94,3.33,0,0,0,0,0,0,9,4.5,0,0,0
Theo Riddick,RB,LV,1,9.46,2,8.7,10.53,1,2,25,0,0,0,13,6.5,0,0,0
Calvin Ridley,WR,ATL,4,81.85,2,1.92,66.67,1,-1,3.57,0,0,0,6,3,0,0,0
Henry Ruggs III,WR,LV,2,63.64,2,3.03,100,0,0,0,0,0,0,11,5.5,0,0,0
Jaylen Samuels,RB,PIT,3,14.83,2,2.22,2.6,2,3,11.76,0,0,0,3,1.5,0,0,0
Anthony Sherman,RB,KC,4,11.19,2,1.79,2.25,0,0,0,0,0,0,2,1,0,0,0
Jarrett Stidham,QB,NE,1,33.33,2,5.71,66.67,0,0,0,0,0,0,3,1.5,0,0,0
Adam Thielen,WR,MIN,4,91.56,2,1.77,100,0,0,0,0,0,0,12,6,0,0,0
Isaiah Wright,WR,WAS,3,42.44,2,2.5,50,0,0,0,0,0,0,15,7.5,0,0,0
Isaiah Zuber,WR,NE,2,10.42,2,2.74,50,0,0,0,0,0,0,21,10.5,0,0,0
Cameron Batson,WR,TEN,2,57.66,1,1.47,50,0,0,0,0,0,0,11,11,0,0,0
C.J. Board,WR,NYG,4,34.78,1,1.28,50,0,0,0,0,0,0,3,3,0,0,0
Lynn Bowden,RB,MIA,2,5.48,1,2.27,2.86,1,5,7.69,0,0,0,5,5,0,0,0
Tyler Boyd,WR,CIN,4,79.8,1,0.96,33.33,0,0,0,0,0,0,4,4,0,0,0
Michael Burton,RB,NO,4,19.31,1,0.87,1.04,0,0,0,0,0,0,4,4,0,0,0
Chase Claypool,WR,PIT,3,49.76,1,1.11,50,0,0,0,0,0,0,8,8,0,0,0
Gabriel Davis,WR,BUF,4,54.24,1,1,20,1,0,3.85,0,0,0,0,0,0,0,0
Alex Erickson,WR,CIN,4,8.14,1,0.96,33.33,0,0,0,0,0,0,7,7,0,0,0
Gerald Everett,TE,LAR,4,42.91,1,0.75,100,1,2,3.57,1,2,12.5,2,2,1,1,1
Will Fuller,WR,HOU,4,77.39,1,1.25,100,0,0,0,0,0,0,0,0,0,0,0
Russell Gage,WR,ATL,4,60.27,1,0.96,33.33,1,-2,3.57,0,0,0,-2,-2,0,0,0
Antonio Gandy-Golden,WR,WAS,3,17.41,1,1.49,25,0,0,0,0,0,0,22,22,0,0,0
Jimmy Garoppolo,QB,SF,2,76.42,1,1.85,33.33,0,0,0,0,0,0,9,9,0,0,0
Jakeem Grant,WR,MIA,4,29.37,1,0.93,100,0,0,0,0,0,0,29,29,0,0,0
Mecole Hardman,WR,KC,4,45.13,1,0.89,20,0,0,0,0,0,0,3,3,0,0,0
N'Keal Harry,WR,NE,4,76.79,1,0.71,20,0,0,0,0,0,0,2,2,0,0,0
Tee Higgins,WR,CIN,4,57,1,0.96,33.33,0,0,0,0,0,0,13,13,0,0,0
Brian Hoyer,QB,NE,1,66.67,1,2.86,33.33,0,0,0,0,0,0,8,8,0,0,0
Jason Huntley,RB,PHI,1,1.47,1,5.88,6.25,0,0,0,0,0,0,1,1,0,0,0
Alec Ingold,FB,LV,4,17.39,1,0.9,1,0,0,0,0,0,0,-1,-1,0,0,0
Andy Isabella,WR,ARI,4,27.76,1,0.85,50,0,0,0,0,0,0,-6,-6,0,0,0
Van Jefferson,WR,LAR,4,26.12,1,0.75,8.33,0,0,0,0,0,0,-1,-1,0,0,0
Diontae Johnson,WR,PIT,3,61.24,1,1.11,50,1,9,5.88,0,0,0,9,9,0,0,0
Kyle Juszczyk,FB,SF,4,45.79,1,0.92,1.05,0,0,0,0,0,0,7,7,0,0,0
Adrian Killins Jr.,RB,PHI,1,12.9,1,3.57,5.56,0,0,0,0,0,0,-12,-12,0,0,0
Christian Kirk,WR,ARI,3,67.59,1,1.1,100,0,0,0,0,0,0,3,3,0,0,0
Josh Malone,WR,NYJ,4,30.53,1,1.03,100,0,0,0,0,0,0,12,12,0,0,0
Terry McLaurin,WR,WAS,4,93.73,1,0.97,25,0,0,0,0,0,0,3,3,0,0,0
Anthony Miller,WR,CHI,5,50.15,1,0.87,4.17,0,0,0,0,0,0,9,9,0,0,0
Ty Montgomery,RB,NO,2,7.81,1,1.89,2.27,1,-4,5.56,0,0,0,-4,-4,0,0,0
Darnell Mooney,WR,CHI,5,58.75,1,0.87,4.17,0,0,0,0,0,0,-3,-3,0,0,0
David Moore,WR,SEA,4,44.7,1,0.98,100,1,12,7.69,0,0,0,12,12,0,0,0
Gabe Nabers,RB,LAC,4,8.33,1,0.78,0.91,0,0,0,0,0,0,4,4,0,0,0
JoJo Natson,WR,CLE,3,4.64,1,1.02,100,0,0,0,0,0,0,3,3,0,0,0
C.J. Prosise,RB,HOU,3,2.92,1,1.72,2.17,1,1,16.67,0,0,0,1,1,0,0,0
Kalif Raymond,WR,TEN,3,30.28,1,0.98,50,1,-3,5.26,0,0,0,-3,-3,0,0,0
Joe Reed,WR,LAC,3,4.68,1,0.94,100,0,0,0,0,0,0,8,8,0,0,0
Patrick Ricard,FB,BAL,4,36.71,1,0.83,1.3,1,-1,6.67,0,0,0,-1,-1,0,0,0
Andre Roberts,WR,BUF,4,9.23,1,1,20,0,0,0,0,0,0,-3,-3,0,0,0
Allen Robinson,WR,CHI,5,83.09,1,0.87,4.17,0,0,0,0,0,0,-1,-1,0,0,0
Deebo Samuel,WR,SF,1,34.25,1,5,50,0,0,0,0,0,0,10,10,0,0,0
Sterling Shepard,WR,NYG,2,51.13,1,2.63,100,0,0,0,0,0,0,6,6,0,0,0
Keith Smith,FB,ATL,4,20.55,1,0.96,1.08,0,0,0,0,0,0,2,2,0,0,0
Chris Streveler,QB,ARI,2,1.26,1,1.47,4.55,0,0,0,0,0,0,3,3,0,0,0
Greg Ward,WR,PHI,4,57.19,1,0.93,100,0,0,0,0,0,0,-6,-6,0,0,0
Sammy Watkins,WR,KC,4,76.17,1,0.89,20,0,0,0,0,0,0,3,3,0,0,0
Ameer Abdullah,RB,MIN,4,1.27,0,0,0,0,0,0,0,0,0,0,0,0,0,0
Davante Adams,WR,GB,2,71.52,0,0,0,0,0,0,0,0,0,0,0,0,0,0
Nelson Agholor,WR,LV,4,52.17,0,0,0,0,0,0,0,0,0,0,0,0,0,0
Jordan Akins,TE,HOU,4,64.35,0,0,0,0,0,0,0,0,0,0,0,0,0,0
Mo Alie-Cox,TE,IND,4,52.52,0,0,0,0,0,0,0,0,0,0,0,0,0,0
Keenan Allen,WR,LAC,4,95.83,0,0,0,0,0,0,0,0,0,0,0,0,0,0
Danny Amendola,WR,DET,4,52.65,0,0,0,0,0,0,0,0,0,0,0,0,0,0
Robby Anderson,WR,CAR,4,72.01,0,0,0,0,0,0,0,0,0,0,0,0,0,0
Stephen Anderson,TE,LAC,4,7.99,0,0,0,0,0,0,0,0,0,0,0,0,0,0
Mark Andrews,TE,BAL,4,67.93,0,0,0,0,0,0,0,0,0,0,0,0,0,0
J.J. Arcega-Whiteside,WR,PHI,3,26.96,0,0,0,0,0,0,0,0,0,0,0,0,0,0
Dan Arnold,TE,ARI,4,58.01,0,0,0,0,0,0,0,0,0,0,0,0,0,0
Devin Asiasi,TE,NE,4,20.36,0,0,0,0,0,0,0,0,0,0,0,0,0,0
Antony Auclair,TE,TB,1,0,0,0,0,0,0,0,0,0,0,0,0,0,0,0
Kenjon Barner,RB,TB,2,2.78,0,0,0,0,0,0,0,0,0,0,0,0,0,0
Marcus Baugh,TE,WAS,4,23.62,0,0,0,0,0,0,0,0,0,0,0,0,0,0
C.J. Beathard,QB,SF,1,31.51,0,0,0,0,0,0,0,0,0,0,0,0,0,0
Cole Beasley,WR,BUF,4,56.09,0,0,0,0,0,0,0,0,0,0,0,0,0,0
Andrew Beck,TE,DEN,4,10.04,0,0,0,0,0,0,0,0,0,0,0,0,0,0
Chad Beebe,WR,MIN,2,29.01,0,0,0,0,0,0,0,0,0,0,0,0,0,0
Reggie Begelton,WR,GB,1,3.17,0,0,0,0,0,0,0,0,0,0,0,0,0,0
Blake Bell,TE,DAL,4,30.19,0,0,0,0,0,0,0,0,0,0,0,0,0,0
LeVante Bellamy,RB,DEN,3,0,0,0,0,0,0,0,0,0,0,0,0,0,0,0
Nick Bellore,FB,SEA,4,1.89,0,0,0,0,0,0,0,0,0,0,0,0,0,0
Braxton Berrios,WR,NYJ,3,51.46,0,0,0,0,0,0,0,0,0,0,0,0,0,0
Christian Blake,WR,ATL,4,14.04,0,0,0,0,0,0,0,0,0,0,0,0,0,0
Khari Blasingame,RB,TEN,3,18.81,0,0,0,0,0,0,0,0,0,0,0,0,0,0
Mike Boone,RB,MIN,4,0,0,0,0,0,0,0,0,0,0,0,0,0,0,0
Kendrick Bourne,WR,SF,4,79.12,0,0,0,0,0,0,0,0,0,0,0,0,0,0
Miles Boykin,WR,BAL,4,69.62,0,0,0,0,0,0,0,0,0,0,0,0,0,0
Nick Boyle,TE,BAL,4,64.98,0,0,0,0,0,0,0,0,0,0,0,0,0,0
Darius Bradwell,RB,LAC,2,0,0,0,0,0,0,0,0,0,0,0,0,0,0,0
Cameron Brate,TE,TB,5,18.79,0,0,0,0,0,0,0,0,0,0,0,0,0,0
Daniel Brown,TE,NYJ,4,0,0,0,0,0,0,0,0,0,0,0,0,0,0,0
Marquise Brown,WR,BAL,4,70.89,0,0,0,0,0,0,0,0,0,0,0,0,0,0
A.J. Brown,WR,TEN,1,81.48,0,0,0,0,0,0,0,0,0,0,0,0,0,0
John Brown,WR,BUF,4,80.44,0,0,0,0,0,0,0,0,0,0,0,0,0,0
Noah Brown,WR,DAL,4,19.5,0,0,0,0,0,0,0,0,0,0,0,0,0,0
Pharaoh Brown,TE,HOU,2,9.82,0,0,0,0,0,0,0,0,0,0,0,0,0,0
Harrison Bryant,TE,CLE,4,56.88,0,0,0,0,0,0,0,0,0,0,0,0,0,0
Deontay Burnett,WR,PHI,2,37.91,0,0,0,0,0,0,0,0,0,0,0,0,0,0
Trey Burton,TE,IND,1,50,0,0,0,0,0,0,0,0,0,0,0,0,0,0
Jake Butt,TE,DEN,4,27.88,0,0,0,0,0,0,0,0,0,0,0,0,0,0
Damiere Byrd,WR,NE,4,91.79,0,0,0,0,0,0,0,0,0,0,0,0,0,0
Jason Cabinda,FB,DET,4,15.53,0,0,0,0,0,0,0,0,0,0,0,0,0,0
Lawrence Cager,WR,NYJ,2,27.66,0,0,0,0,0,0,0,0,0,0,0,0,0,0
Raymond Calais,RB,LAR,2,0,0,0,0,0,0,0,0,0,0,0,0,0,0,0
Marquez Callaway,WR,NO,3,15.71,0,0,0,0,0,0,0,0,0,0,0,0,0,0
Trenton Cannon,RB,CAR,2,0,0,0,0,0,0,0,0,0,0,0,0,0,0,0
Stephen Carlson,TE,CLE,4,14.13,0,0,0,0,0,0,0,0,0,0,0,0,0,0
Derek Carrier,TE,LV,4,0.36,0,0,0,0,0,0,0,0,0,0,0,0,0,0
Cethan Carter,TE,CIN,4,12.05,0,0,0,0,0,0,0,0,0,0,0,0,0,0
DeAndre Carter,WR,HOU,4,5.65,0,0,0,0,0,0,0,0,0,0,0,0,0,0
Quintez Cephus,WR,DET,4,44.32,0,0,0,0,0,0,0,0,0,0,0,0,0,0
D.J. Chark,WR,JAX,3,82.38,0,0,0,0,0,0,0,0,0,0,0,0,0,0
Dan Chisena,WR,MIN,4,0,0,0,0,0,0,0,0,0,0,0,0,0,0,0
Tyrie Cleveland,WR,DEN,3,5.73,0,0,0,0,0,0,0,0,0,0,0,0,0,0
Randall Cobb,WR,HOU,4,73.04,0,0,0,0,0,0,0,0,0,0,0,0,0,0
Keelan Cole,WR,JAX,4,71.04,0,0,0,0,0,0,0,0,0,0,0,0,0,0
Tyler Conklin,TE,MIN,4,12.24,0,0,0,0,0,0,0,0,0,0,0,0,0,0
Chris Conley,WR,JAX,4,47.88,0,0,0,0,0,0,0,0,0,0,0,0,0,0
Jared Cook,TE,NO,3,55.03,0,0,0,0,0,0,0,0,0,0,0,0,0,0
Brandin Cooks,WR,HOU,4,80.87,0,0,0,0,0,0,0,0,0,0,0,0,0,0
Amari Cooper,WR,DAL,4,85.22,0,0,0,0,0,0,0,0,0,0,0,0,0,0
Pharoh Cooper,WR,CAR,4,14.18,0,0,0,0,0,0,0,0,0,0,0,0,0,0
Nathan Cottrell,RB,JAX,1,2,0,0,0,0,0,0,0,0,0,0,0,0,0,0
Keke Coutee,WR,HOU,1,8.47,0,0,0,0,0,0,0,0,0,0,0,0,0,0
Chandler Cox,FB,MIA,4,18.22,0,0,0,0,0,0,0,0,0,0,0,0,0,0
Jamison Crowder,WR,NYJ,2,84.96,0,0,0,0,0,0,0,0,0,0,0,0,0,0
Andy Dalton,QB,DAL,1,2.44,0,0,0,0,0,0,0,0,0,0,0,0,0,0
Darrell Daniels,TE,ARI,4,43.42,0,0,0,0,0,0,0,0,0,0,0,0,0,0
Corey Davis,WR,TEN,3,78.44,0,0,0,0,0,0,0,0,0,0,0,0,0,0
Tyler Davis,TE,JAX,2,14.18,0,0,0,0,0,0,0,0,0,0,0,0,0,0
Josiah Deguara,TE,GB,2,21.99,0,0,0,0,0,0,0,0,0,0,0,0,0,0
Stefon Diggs,WR,BUF,4,91.14,0,0,0,0,0,0,0,0,0,0,0,0,0,0
Will Dissly,TE,SEA,4,42.8,0,0,0,0,0,0,0,0,0,0,0,0,0,0
Keelan Doss,WR,LV,1,4.05,0,0,0,0,0,0,0,0,0,0,0,0,0,0
Rico Dowdle,RB,DAL,3,0,0,0,0,0,0,0,0,0,0,0,0,0,0,0
Jack Doyle,TE,IND,3,63.9,0,0,0,0,0,0,0,0,0,0,0,0,0,0
Ashton Dulin,WR,IND,4,12.95,0,0,0,0,0,0,0,0,0,0,0,0,0,0
Devin Duvernay,WR,BAL,4,16.88,0,0,0,0,0,0,0,0,0,0,0,0,0,0
Ross Dwelley,TE,SF,4,44.32,0,0,0,0,0,0,0,0,0,0,0,0,0,0
Eric Ebron,TE,PIT,3,71.77,0,0,0,0,0,0,0,0,0,0,0,0,0,0
Bryan Edwards,WR,LV,3,59.41,0,0,0,0,0,0,0,0,0,0,0,0,0,0
Tyler Eifert,TE,JAX,4,61.39,0,0,0,0,0,0,0,0,0,0,0,0,0,0
Ben Ellefson,TE,JAX,2,24,0,0,0,0,0,0,0,0,0,0,0,0,0,0
Evan Engram,TE,NYG,4,90.12,0,0,0,0,0,0,0,0,0,0,0,0,0,0
Zach Ertz,TE,PHI,4,91.78,0,0,0,0,0,0,0,0,0,0,0,0,0,0
Mike Evans,WR,TB,5,84.68,0,0,0,0,0,0,0,0,0,0,0,0,0,0
Noah Fant,TE,DEN,4,71.38,0,0,0,0,0,0,0,0,0,0,0,0,0,0
Darren Fells,TE,HOU,4,54.35,0,0,0,0,0,0,0,0,0,0,0,0,0,0
Ryan Finley,QB,CIN,1,1.39,0,0,0,0,0,0,0,0,0,0,0,0,0,0
Anthony Firkser,TE,TEN,3,29.82,0,0,0,0,0,0,0,0,0,0,0,0,0,0
Larry Fitzgerald,WR,ARI,4,83.63,0,0,0,0,0,0,0,0,0,0,0,0,0,0
Joe Flacco,QB,NYJ,1,5.19,0,0,0,0,0,0,0,0,0,0,0,0,0,0
Isaiah Ford,WR,MIA,4,61.71,0,0,0,0,0,0,0,0,0,0,0,0,0,0
D.J. Foster,RB,ARI,2,0,0,0,0,0,0,0,0,0,0,0,0,0,0,0
Daurice Fountain,WR,IND,3,24.02,0,0,0,0,0,0,0,0,0,0,0,0,0,0
Bennie Fowler,WR,NO,4,12.36,0,0,0,0,0,0,0,0,0,0,0,0,0,0
Travis Fulgham,WR,PHI,1,59.68,0,0,0,0,0,0,0,0,0,0,0,0,0,0
Rico Gafford,WR,LV,1,0,0,0,0,0,0,0,0,0,0,0,0,0,0,0
Michael Gallup,WR,DAL,4,88.36,0,0,0,0,0,0,0,0,0,0,0,0,0,0
Mike Gesicki,TE,MIA,4,59.85,0,0,0,0,0,0,0,0,0,0,0,0,0,0
Cullen Gillaspia,RB,HOU,2,0.94,0,0,0,0,0,0,0,0,0,0,0,0,0,0
Reggie Gilliam,TE,BUF,4,3.69,0,0,0,0,0,0,0,0,0,0,0,0,0,0
Ted Ginn,WR,CHI,4,20.22,0,0,0,0,0,0,0,0,0,0,0,0,0,0
Chris Godwin,WR,TB,2,87.68,0,0,0,0,0,0,0,0,0,0,0,0,0,0
Dallas Goedert,TE,PHI,3,53.48,0,0,0,0,0,0,0,0,0,0,0,0,0,0
Kenny Golladay,WR,DET,2,77.17,0,0,0,0,0,0,0,0,0,0,0,0,0,0
Jaeden Graham,TE,ATL,4,7.53,0,0,0,0,0,0,0,0,0,0,0,0,0,0
Jimmy Graham,TE,CHI,5,70.03,0,0,0,0,0,0,0,0,0,0,0,0,0,0
Cyril Grayson,WR,TB,2,22.73,0,0,0,0,0,0,0,0,0,0,0,0,0,0
A.J. Green,WR,CIN,4,68.4,0,0,0,0,0,0,0,0,0,0,0,0,0,0
Farrod Green,TE,IND,1,6.85,0,0,0,0,0,0,0,0,0,0,0,0,0,0
Virgil Green,TE,LAC,4,33.33,0,0,0,0,0,0,0,0,0,0,0,0,0,0
Garrett Griffin,TE,NO,1,31.43,0,0,0,0,0,0,0,0,0,0,0,0,0,0
Ryan Griffin,TE,NYJ,4,32.06,0,0,0,0,0,0,0,0,0,0,0,0,0,0
Rob Gronkowski,TE,TB,5,81.21,0,0,0,0,0,0,0,0,0,0,0,0,0,0
Jalen Guyton,WR,LAC,4,69.1,0,0,0,0,0,0,0,0,0,0,0,0,0,0
Marvin Hall,WR,DET,4,16.67,0,0,0,0,0,0,0,0,0,0,0,0,0,0
DaeSean Hamilton,WR,DEN,4,55.76,0,0,0,0,0,0,0,0,0,0,0,0,0,0
Demetrius Harris,TE,CHI,5,43.62,0,0,0,0,0,0,0,0,0,0,0,0,0,0
Penny Hart,WR,SEA,3,4.98,0,0,0,0,0,0,0,0,0,0,0,0,0,0
Hunter Henry,TE,LAC,4,84.72,0,0,0,0,0,0,0,0,0,0,0,0,0,0
Chris Herndon,TE,NYJ,4,74.05,0,0,0,0,0,0,0,0,0,0,0,0,0,0
Tyler Higbee,TE,LAR,4,82.84,0,0,0,0,0,0,0,0,0,0,0,0,0,0
Rashard Higgins,WR,CLE,2,16.03,0,0,0,0,0,0,0,0,0,0,0,0,0,0
John Hightower,WR,PHI,4,55.48,0,0,0,0,0,0,0,0,0,0,0,0,0,0
Justice Hill,RB,BAL,1,0,0,0,0,0,0,0,0,0,0,0,0,0,0,0
Josh Hill,TE,NO,4,45.56,0,0,0,0,0,0,0,0,0,0,0,0,0,0
K.J. Hill,WR,LAC,4,20.14,0,0,0,0,0,0,0,0,0,0,0,0,0,0
T.Y. Hilton,WR,IND,4,66.91,0,0,0,0,0,0,0,0,0,0,0,0,0,0
T.J. Hockenson,TE,DET,4,72.35,0,0,0,0,0,0,0,0,0,0,0,0,0,0
KhaDarel Hodge,WR,CLE,3,55.67,0,0,0,0,0,0,0,0,0,0,0,0,0,0
Chris Hogan,WR,NYJ,4,87.4,0,0,0,0,0,0,0,0,0,0,0,0,0,0
Mack Hollins,WR,MIA,4,3.35,0,0,0,0,0,0,0,0,0,0,0,0,0,0
Cody Hollister,WR,TEN,1,4.94,0,0,0,0,0,0,0,0,0,0,0,0,0,0
Jacob Hollister,TE,SEA,4,17.05,0,0,0,0,0,0,0,0,0,0,0,0,0,0
Johnny Holton,WR,NYG,1,0,0,0,0,0,0,0,0,0,0,0,0,0,0,0
J.P. Holtz,TE,CHI,5,7.12,0,0,0,0,0,0,0,0,0,0,0,0,0,0
Austin Hooper,TE,CLE,4,85.5,0,0,0,0,0,0,0,0,0,0,0,0,0,0
DeAndre Hopkins,WR,ARI,4,95.02,0,0,0,0,0,0,0,0,0,0,0,0,0,0
O.J. Howard,TE,TB,4,48,0,0,0,0,0,0,0,0,0,0,0,0,0,0
Buddy Howell,RB,HOU,4,0,0,0,0,0,0,0,0,0,0,0,0,0,0,0
Tanner Hudson,TE,TB,4,8.7,0,0,0,0,0,0,0,0,0,0,0,0,0,0
Adam Humphries,WR,TEN,3,53.67,0,0,0,0,0,0,0,0,0,0,0,0,0,0
Hayden Hurst,TE,ATL,4,68.15,0,0,0,0,0,0,0,0,0,0,0,0,0,0
Dontrelle Inman,WR,WAS,4,67.53,0,0,0,0,0,0,0,0,0,0,0,0,0,0
Ryan Izzo,TE,NE,4,85.71,0,0,0,0,0,0,0,0,0,0,0,0,0,0
DeSean Jackson,WR,PHI,3,52.17,0,0,0,0,0,0,0,0,0,0,0,0,0,0
Jesse James,TE,DET,4,50,0,0,0,0,0,0,0,0,0,0,0,0,0,0
Richie James,WR,SF,1,16.13,0,0,0,0,0,0,0,0,0,0,0,0,0,0
Andy Janovich,RB,CLE,4,26.77,0,0,0,0,0,0,0,0,0,0,0,0,0,0
Blake Jarwin,TE,DAL,1,34.72,0,0,0,0,0,0,0,0,0,0,0,0,0,0
Justin Jefferson,WR,MIN,4,70.46,0,0,0,0,0,0,0,0,0,0,0,0,0,0
Jerry Jeudy,WR,DEN,4,67.66,0,0,0,0,0,0,0,0,0,0,0,0,0,0
KeeSean Johnson,WR,ARI,1,70.77,0,0,0,0,0,0,0,0,0,0,0,0,0,0
Ty Johnson,RB,NYJ,2,3.65,0,0,0,0,0,0,0,0,0,0,0,0,0,0
Bisi Johnson,WR,MIN,4,38.4,0,0,0,0,0,0,0,0,0,0,0,0,0,0
Collin Johnson,WR,JAX,4,19.31,0,0,0,0,0,0,0,0,0,0,0,0,0,0
Jakob Johnson,FB,NE,4,28.21,0,0,0,0,0,0,0,0,0,0,0,0,0,0
Marcus Johnson,WR,IND,1,47.22,0,0,0,0,0,0,0,0,0,0,0,0,0,0
Tyler Johnson,WR,TB,3,47.44,0,0,0,0,0,0,0,0,0,0,0,0,0,0
Tyron Johnson,WR,LAC,1,15.09,0,0,0,0,0,0,0,0,0,0,0,0,0,0
Zay Jones,WR,LV,4,43.48,0,0,0,0,0,0,0,0,0,0,0,0,0,0
Marvin Jones,WR,DET,4,90.15,0,0,0,0,0,0,0,0,0,0,0,0,0,0
Julio Jones,WR,ATL,3,62.05,0,0,0,0,0,0,0,0,0,0,0,0,0,0
Taiwan Jones,RB,BUF,4,0.37,0,0,0,0,0,0,0,0,0,0,0,0,0,0
Xavier Jones,RB,LAR,4,0,0,0,0,0,0,0,0,0,0,0,0,0,0,0
Nick Keizer,TE,KC,4,28.88,0,0,0,0,0,0,0,0,0,0,0,0,0,0
Travis Kelce,TE,KC,4,86.28,0,0,0,0,0,0,0,0,0,0,0,0,0,0
Marcus Kemp,WR,KC,4,0,0,0,0,0,0,0,0,0,0,0,0,0,0,0
Cole Kmet,TE,CHI,5,30.86,0,0,0,0,0,0,0,0,0,0,0,0,0,0
Dawson Knox,TE,BUF,3,51.2,0,0,0,0,0,0,0,0,0,0,0,0,0,0
Tyler Kroft,TE,BUF,4,36.53,0,0,0,0,0,0,0,0,0,0,0,0,0,0
Patrick Laird,RB,MIA,4,2.97,0,0,0,0,0,0,0,0,0,0,0,0,0,0
Jarvis Landry,WR,CLE,4,70.26,0,0,0,0,0,0,0,0,0,0,0,0,0,0
Marcedes Lewis,TE,GB,3,39.91,0,0,0,0,0,0,0,0,0,0,0,0,0,0
Tyler Lockett,WR,SEA,4,93.94,0,0,0,0,0,0,0,0,0,0,0,0,0,0
John Lovett,TE,GB,4,7.25,0,0,0,0,0,0,0,0,0,0,0,0,0,0
Chris Manhertz,TE,CAR,4,57.84,0,0,0,0,0,0,0,0,0,0,0,0,0,0
Ray-Ray McCloud,WR,PIT,3,1.44,0,0,0,0,0,0,0,0,0,0,0,0,0,0
Vance McDonald,TE,PIT,3,55.02,0,0,0,0,0,0,0,0,0,0,0,0,0,0
Sean McKeon,TE,DAL,2,4.27,0,0,0,0,0,0,0,0,0,0,0,0,0,0
DK Metcalf,WR,SEA,4,95.45,0,0,0,0,0,0,0,0,0,0,0,0,0,0
Jakobi Meyers,WR,NE,3,10.73,0,0,0,0,0,0,0,0,0,0,0,0,0,0
Jaydon Mickens,WR,TB,5,6.07,0,0,0,0,0,0,0,0,0,0,0,0,0,0
Bruce Miller,RB,JAX,4,12.36,0,0,0,0,0,0,0,0,0,0,0,0,0,0
D.J. Moore,WR,CAR,4,83.21,0,0,0,0,0,0,0,0,0,0,0,0,0,0
Jason Moore,WR,LAC,1,47.17,0,0,0,0,0,0,0,0,0,0,0,0,0,0
Foster Moreau,TE,LV,4,25,0,0,0,0,0,0,0,0,0,0,0,0,0,0
Johnny Mundt,TE,LAR,4,8.21,0,0,0,0,0,0,0,0,0,0,0,0,0,0
Ryan Nall,RB,CHI,5,4.75,0,0,0,0,0,0,0,0,0,0,0,0,0,0
David Njoku,TE,CLE,1,23.29,0,0,0,0,0,0,0,0,0,0,0,0,0,0
Dare Ogunbowale,RB,JAX,3,2.39,0,0,0,0,0,0,0,0,0,0,0,0,0,0
Qadree Ollison,RB,ATL,1,0,0,0,0,0,0,0,0,0,0,0,0,0,0,0
Greg Olsen,TE,SEA,4,64.02,0,0,0,0,0,0,0,0,0,0,0,0,0,0
Gunner Olszewski,WR,NE,1,8,0,0,0,0,0,0,0,0,0,0,0,0,0,0
K.J. Osborn,WR,MIN,3,0,0,0,0,0,0,0,0,0,0,0,0,0,0,0
James O'Shaughnessy,TE,JAX,4,45.17,0,0,0,0,0,0,0,0,0,0,0,0,0,0
Donald Parham,TE,LAC,1,1.89,0,0,0,0,0,0,0,0,0,0,0,0,0,0
DeVante Parker,WR,MIA,4,75.09,0,0,0,0,0,0,0,0,0,0,0,0,0,0
Zach Pascal,WR,IND,4,76.98,0,0,0,0,0,0,0,0,0,0,0,0,0,0
Tim Patrick,WR,DEN,4,76.58,0,0,0,0,0,0,0,0,0,0,0,0,0,0
Elijhaa Penny,RB,NYG,4,3.95,0,0,0,0,0,0,0,0,0,0,0,0,0,0
Donovan Peoples-Jones,WR,CLE,1,44,0,0,0,0,0,0,0,0,0,0,0,0,0,0
Samaje Perine,RB,CIN,4,0.65,0,0,0,0,0,0,0,0,0,0,0,0,0,0
Breshad Perriman,WR,NYJ,2,62.81,0,0,0,0,0,0,0,0,0,0,0,0,0,0
Dante Pettis,WR,SF,4,23.08,0,0,0,0,0,0,0,0,0,0,0,0,0,0
Scottie Phillips,RB,HOU,1,0,0,0,0,0,0,0,0,0,0,0,0,0,0,0
Michael Pittman,WR,IND,3,68.45,0,0,0,0,0,0,0,0,0,0,0,0,0,0
Brandon Powell,WR,ATL,4,13.36,0,0,0,0,0,0,0,0,0,0,0,0,0,0
Byron Pringle,WR,KC,4,5.78,0,0,0,0,0,0,0,0,0,0,0,0,0,0
James Proche,WR,BAL,4,2.53,0,0,0,0,0,0,0,0,0,0,0,0,0,0
MyCole Pruitt,TE,TEN,3,35.32,0,0,0,0,0,0,0,0,0,0,0,0,0,0
Damion Ratley,WR,NYG,4,36.36,0,0,0,0,0,0,0,0,0,0,0,0,0,0
Jalen Reagor,WR,PHI,2,71.94,0,0,0,0,0,0,0,0,0,0,0,0,0,0
Jordan Reed,TE,SF,3,28,0,0,0,0,0,0,0,0,0,0,0,0,0,0
Hunter Renfrow,WR,LV,4,57.61,0,0,0,0,0,0,0,0,0,0,0,0,0,0
Josh Reynolds,WR,LAR,4,63.81,0,0,0,0,0,0,0,0,0,0,0,0,0,0
Seth Roberts,WR,CAR,4,18.28,0,0,0,0,0,0,0,0,0,0,0,0,0,0
Demarcus Robinson,WR,KC,4,52.35,0,0,0,0,0,0,0,0,0,0,0,0,0,0
Richard Rodgers,TE,PHI,4,19.52,0,0,0,0,0,0,0,0,0,0,0,0,0,0
John Ross,WR,CIN,2,53.13,0,0,0,0,0,0,0,0,0,0,0,0,0,0
Kyle Rudolph,TE,MIN,4,70.04,0,0,0,0,0,0,0,0,0,0,0,0,0,0
Drew Sample,TE,CIN,4,67.1,0,0,0,0,0,0,0,0,0,0,0,0,0,0
Emmanuel Sanders,WR,NO,4,69.11,0,0,0,0,0,0,0,0,0,0,0,0,0,0
Mohamed Sanu,WR,SF,3,18.96,0,0,0,0,0,0,0,0,0,0,0,0,0,0
Mason Schreck,TE,CIN,2,2.72,0,0,0,0,0,0,0,0,0,0,0,0,0,0
Dalton Schultz,TE,DAL,4,70.75,0,0,0,0,0,0,0,0,0,0,0,0,0,0
Adam Shaheen,TE,MIA,4,27.14,0,0,0,0,0,0,0,0,0,0,0,0,0,0
Tajae Sharpe,WR,MIN,2,15.09,0,0,0,0,0,0,0,0,0,0,0,0,0,0
Darrius Shepherd,WR,GB,2,47.2,0,0,0,0,0,0,0,0,0,0,0,0,0,0
Trent Sherfield,WR,ARI,4,2.85,0,0,0,0,0,0,0,0,0,0,0,0,0,0
Cam Sims,WR,WAS,4,3.32,0,0,0,0,0,0,0,0,0,0,0,0,0,0
Steven Sims,WR,WAS,3,70.5,0,0,0,0,0,0,0,0,0,0,0,0,0,0
Matthew Slater,WR,NE,4,0.71,0,0,0,0,0,0,0,0,0,0,0,0,0,0
Darius Slayton,WR,NYG,4,92.09,0,0,0,0,0,0,0,0,0,0,0,0,0,0
Kaden Smith,TE,NYG,4,39.53,0,0,0,0,0,0,0,0,0,0,0,0,0,0
Irv Smith,TE,MIN,4,60.34,0,0,0,0,0,0,0,0,0,0,0,0,0,0
Jeff Smith,WR,NYJ,1,94.81,0,0,0,0,0,0,0,0,0,0,0,0,0,0
Jonnu Smith,TE,TEN,3,82.11,0,0,0,0,0,0,0,0,0,0,0,0,0,0
Lee Smith,TE,BUF,1,1.61,0,0,0,0,0,0,0,0,0,0,0,0,0,0
Tre'Quan Smith,WR,NO,4,84.94,0,0,0,0,0,0,0,0,0,0,0,0,0,0
JuJu Smith-Schuster,WR,PIT,3,82.3,0,0,0,0,0,0,0,0,0,0,0,0,0,0
Durham Smythe,TE,MIA,4,44.24,0,0,0,0,0,0,0,0,0,0,0,0,0,0
Willie Snead,WR,BAL,4,67.09,0,0,0,0,0,0,0,0,0,0,0,0,0,0
Diontae Spencer,WR,DEN,4,4.46,0,0,0,0,0,0,0,0,0,0,0,0,0,0
Jeremy Sprinkle,TE,WAS,4,17.71,0,0,0,0,0,0,0,0,0,0,0,0,0,0
Jace Sternberger,TE,GB,4,22.46,0,0,0,0,0,0,0,0,0,0,0,0,0,0
Kenny Stills,WR,HOU,4,36.96,0,0,0,0,0,0,0,0,0,0,0,0,0,0
Luke Stocker,TE,ATL,4,40.75,0,0,0,0,0,0,0,0,0,0,0,0,0,0
Courtland Sutton,WR,DEN,1,40.26,0,0,0,0,0,0,0,0,0,0,0,0,0,0
Freddie Swain,WR,SEA,4,33.71,0,0,0,0,0,0,0,0,0,0,0,0,0,0
Auden Tate,WR,CIN,3,28.84,0,0,0,0,0,0,0,0,0,0,0,0,0,0
Golden Tate,WR,NYG,3,75.14,0,0,0,0,0,0,0,0,0,0,0,0,0,0
Malik Taylor,WR,GB,4,23.55,0,0,0,0,0,0,0,0,0,0,0,0,0,0
Trent Taylor,WR,SF,4,42.49,0,0,0,0,0,0,0,0,0,0,0,0,0,0
Ian Thomas,TE,CAR,4,61.19,0,0,0,0,0,0,0,0,0,0,0,0,0,0
Jordan Thomas,TE,ARI,3,1.01,0,0,0,0,0,0,0,0,0,0,0,0,0,0
Logan Thomas,TE,WAS,4,85.98,0,0,0,0,0,0,0,0,0,0,0,0,0,0
Michael Thomas,WR,NO,1,80.88,0,0,0,0,0,0,0,0,0,0,0,0,0,0
Mike Thomas,WR,CIN,4,28.66,0,0,0,0,0,0,0,0,0,0,0,0,0,0
Colin Thompson,TE,CAR,3,10.45,0,0,0,0,0,0,0,0,0,0,0,0,0,0
Noah Togiai,TE,IND,2,39.39,0,0,0,0,0,0,0,0,0,0,0,0,0,0
Levine Toilolo,TE,NYG,4,19.76,0,0,0,0,0,0,0,0,0,0,0,0,0,0
Eric Tomlinson,TE,NYG,1,2.94,0,0,0,0,0,0,0,0,0,0,0,0,0,0
Robert Tonyan,TE,GB,4,62.68,0,0,0,0,0,0,0,0,0,0,0,0,0,0
Adam Trautman,TE,NO,4,25.48,0,0,0,0,0,0,0,0,0,0,0,0,0,0
Malik Turner,WR,DAL,4,0.63,0,0,0,0,0,0,0,0,0,0,0,0,0,0
C.J. Uzomah,TE,CIN,2,60,0,0,0,0,0,0,0,0,0,0,0,0,0,0
Marquez Valdes-Scantling,WR,GB,4,74.64,0,0,0,0,0,0,0,0,0,0,0,0,0,0
Nick Vannett,TE,DEN,3,32.52,0,0,0,0,0,0,0,0,0,0,0,0,0,0
Darren Waller,TE,LV,4,92.75,0,0,0,0,0,0,0,0,0,0,0,0,0,0
Jonathan Ward,RB,ARI,2,0,0,0,0,0,0,0,0,0,0,0,0,0,0,0
Kahale Warring,TE,HOU,1,0,0,0,0,0,0,0,0,0,0,0,0,0,0,0
Dwayne Washington,RB,NO,2,0,0,0,0,0,0,0,0,0,0,0,0,0,0,0
James Washington,WR,PIT,3,55.98,0,0,0,0,0,0,0,0,0,0,0,0,0,0
Justin Watson,WR,TB,3,58.45,0,0,0,0,0,0,0,0,0,0,0,0,0,0
Derek Watt,FB,PIT,3,10.05,0,0,0,0,0,0,0,0,0,0,0,0,0,0
Nsimba Webster,WR,LAR,4,0,0,0,0,0,0,0,0,0,0,0,0,0,0,0
Trevon Wesco,TE,NYJ,4,20.99,0,0,0,0,0,0,0,0,0,0,0,0,0,0
Dede Westbrook,WR,JAX,1,24.24,0,0,0,0,0,0,0,0,0,0,0,0,0,0
Nick Westbrook,WR,TEN,2,13.14,0,0,0,0,0,0,0,0,0,0,0,0,0,0
Mike Williams,WR,LAC,3,73.19,0,0,0,0,0,0,0,0,0,0,0,0,0,0
Maxx Williams,TE,ARI,1,52.44,0,0,0,0,0,0,0,0,0,0,0,0,0,0
Preston Williams,WR,MIA,4,72.49,0,0,0,0,0,0,0,0,0,0,0,0,0,0
Ced Wilson,WR,DAL,4,15.41,0,0,0,0,0,0,0,0,0,0,0,0,0,0
Luke Willson,TE,SEA,3,3.72,0,0,0,0,0,0,0,0,0,0,0,0,0,0
Javon Wims,WR,CHI,5,30.56,0,0,0,0,0,0,0,0,0,0,0,0,0,0
Jason Witten,TE,LV,4,31.88,0,0,0,0,0,0,0,0,0,0,0,0,0,0
Charlie Woerner,TE,SF,4,8.42,0,0,0,0,0,0,0,0,0,0,0,0,0,0
Deon Yelder,TE,KC,2,16.03,0,0,0,0,0,0,0,0,0,0,0,0,0,0
Olamide Zaccheaus,WR,ATL,4,45.89,0,0,0,0,0,0,0,0,0,0,0,0,0,0
Brandon Zylstra,WR,CAR,4,7.84,0,0,0,0,0,0,0,0,0,0,0,0,0,0